{"v":"5.4.3","fr":29.9700012207031,"ip":0,"op":81.0000032991976,"w":600,"h":600,"nm":"mainremit","ddd":0,"assets":[{"id":"comp_0","layers":[{"ddd":0,"ind":1,"ty":4,"nm":"Layer 7 Outlines","parent":11,"sr":1,"ks":{"o":{"a":0,"k":100,"ix":11},"r":{"a":0,"k":0,"ix":10},"p":{"a":0,"k":[-148.651,61.691,0],"ix":2},"a":{"a":0,"k":[36.341,37.044,0],"ix":1},"s":{"a":0,"k":[100,100,100],"ix":6}},"ao":0,"shapes":[{"ty":"gr","it":[{"ind":0,"ty":"sh","ix":1,"ks":{"a":0,"k":{"i":[[7.645,0],[1.196,-4.966],[0,0],[0,0],[5.09,0],[0,0],[-2.599,-7.205],[0,0],[-7.427,0],[-2.506,7.014],[0,0]],"o":[[-5.108,0],[0,0],[0,0],[-1.214,-4.943],[0,0],[-7.66,0],[0,0],[2.521,6.987],[7.449,0],[0,0],[2.571,-7.199]],"v":[[23.111,-36.794],[12.364,-28.327],[0.009,12.785],[-12.104,-28.374],[-22.84,-36.794],[-23.094,-36.794],[-33.493,-21.988],[-16.484,25.15],[0.095,36.794],[16.694,25.097],[33.521,-22.021]],"c":true},"ix":2},"nm":"Path 1","mn":"ADBE Vector Shape - Group","hd":false},{"ty":"fl","c":{"a":0,"k":[0.8,0.8,0.8,1],"ix":4},"o":{"a":0,"k":100,"ix":5},"r":1,"bm":0,"nm":"Fill 1","mn":"ADBE Vector Graphic - Fill","hd":false},{"ty":"tr","p":{"a":0,"k":[36.341,37.044],"ix":2},"a":{"a":0,"k":[0,0],"ix":1},"s":{"a":0,"k":[100,100],"ix":3},"r":{"a":0,"k":0,"ix":6},"o":{"a":0,"k":100,"ix":7},"sk":{"a":0,"k":0,"ix":4},"sa":{"a":0,"k":0,"ix":5},"nm":"Transform"}],"nm":"Group 1","np":2,"cix":2,"bm":0,"ix":1,"mn":"ADBE Vector Group","hd":false}],"ip":28.0000011404634,"op":85.000003462121,"st":-22.0000008960784,"bm":0},{"ddd":0,"ind":2,"ty":4,"nm":"Layer 6 Outlines","parent":11,"sr":1,"ks":{"o":{"a":0,"k":100,"ix":11},"r":{"a":0,"k":0,"ix":10},"p":{"a":0,"k":[-86.657,61.691,0],"ix":2},"a":{"a":0,"k":[36.341,37.044,0],"ix":1},"s":{"a":0,"k":[100,100,100],"ix":6}},"ao":0,"shapes":[{"ty":"gr","it":[{"ind":0,"ty":"sh","ix":1,"ks":{"a":0,"k":{"i":[[0,0],[7.428,0],[2.505,-7.014],[0,0],[-7.644,0],[-1.196,4.966],[0,0],[0,0],[-5.09,0],[0,0],[2.6,7.205]],"o":[[-2.521,-6.987],[-7.449,0],[0,0],[-2.571,7.199],[5.108,0],[0,0],[0,0],[1.213,4.943],[0,0],[7.66,0],[0,0]],"v":[[16.485,-25.151],[-0.095,-36.793],[-16.693,-25.096],[-33.521,22.022],[-23.111,36.793],[-12.364,28.328],[-0.009,-12.784],[12.105,28.375],[22.839,36.793],[23.093,36.793],[33.492,21.987]],"c":true},"ix":2},"nm":"Path 1","mn":"ADBE Vector Shape - Group","hd":false},{"ty":"fl","c":{"a":0,"k":[0.8,0.8,0.8,1],"ix":4},"o":{"a":0,"k":100,"ix":5},"r":1,"bm":0,"nm":"Fill 1","mn":"ADBE Vector Graphic - Fill","hd":false},{"ty":"tr","p":{"a":0,"k":[36.341,37.044],"ix":2},"a":{"a":0,"k":[0,0],"ix":1},"s":{"a":0,"k":[100,100],"ix":3},"r":{"a":0,"k":0,"ix":6},"o":{"a":0,"k":100,"ix":7},"sk":{"a":0,"k":0,"ix":4},"sa":{"a":0,"k":0,"ix":5},"nm":"Transform"}],"nm":"Group 1","np":2,"cix":2,"bm":0,"ix":1,"mn":"ADBE Vector Group","hd":false}],"ip":28.0000011404634,"op":85.000003462121,"st":-22.0000008960784,"bm":0},{"ddd":0,"ind":3,"ty":4,"nm":"Layer 5 Outlines","parent":11,"sr":1,"ks":{"o":{"a":0,"k":100,"ix":11},"r":{"a":0,"k":0,"ix":10},"p":{"a":0,"k":[-32.784,46.121,0],"ix":2},"a":{"a":0,"k":[11.295,52.614,0],"ix":1},"s":{"a":0,"k":[100,100,100],"ix":6}},"ao":0,"shapes":[{"ty":"gr","it":[{"ind":0,"ty":"sh","ix":1,"ks":{"a":0,"k":{"i":[[6.071,0],[0.007,-6.06],[0,0],[-6.072,0],[-0.008,6.061],[0,0]],"o":[[-6.061,0],[0,0],[-0.008,6.072],[6.061,0],[0,0],[0.009,-6.073]],"v":[[0.053,-52.364],[-10.931,-41.395],[-11.037,41.366],[-0.053,52.364],[10.931,41.395],[11.036,-41.365]],"c":true},"ix":2},"nm":"Path 1","mn":"ADBE Vector Shape - Group","hd":false},{"ty":"fl","c":{"a":0,"k":[0.8,0.8,0.8,1],"ix":4},"o":{"a":0,"k":100,"ix":5},"r":1,"bm":0,"nm":"Fill 1","mn":"ADBE Vector Graphic - Fill","hd":false},{"ty":"tr","p":{"a":0,"k":[11.295,52.614],"ix":2},"a":{"a":0,"k":[0,0],"ix":1},"s":{"a":0,"k":[100,100],"ix":3},"r":{"a":0,"k":0,"ix":6},"o":{"a":0,"k":100,"ix":7},"sk":{"a":0,"k":0,"ix":4},"sa":{"a":0,"k":0,"ix":5},"nm":"Transform"}],"nm":"Group 1","np":2,"cix":2,"bm":0,"ix":1,"mn":"ADBE Vector Group","hd":false}],"ip":28.0000011404634,"op":85.000003462121,"st":-22.0000008960784,"bm":0},{"ddd":0,"ind":4,"ty":4,"nm":"Layer 4 Outlines","parent":11,"sr":1,"ks":{"o":{"a":0,"k":100,"ix":11},"r":{"a":0,"k":0,"ix":10},"p":{"a":0,"k":[4.694,3.971,0],"ix":2},"a":{"a":0,"k":[11.301,11.302,0],"ix":1},"s":{"a":0,"k":[100,100,100],"ix":6}},"ao":0,"shapes":[{"ty":"gr","it":[{"ind":0,"ty":"sh","ix":1,"ks":{"a":0,"k":{"i":[[6.104,0],[0,-6.104],[-6.104,0],[0,6.103]],"o":[[-6.104,0],[0,6.103],[6.104,0],[0,-6.104]],"v":[[0.001,-11.052],[-11.051,0],[0.001,11.052],[11.051,0]],"c":true},"ix":2},"nm":"Path 1","mn":"ADBE Vector Shape - Group","hd":false},{"ty":"fl","c":{"a":0,"k":[0.8,0.8,0.8,1],"ix":4},"o":{"a":0,"k":100,"ix":5},"r":1,"bm":0,"nm":"Fill 1","mn":"ADBE Vector Graphic - Fill","hd":false},{"ty":"tr","p":{"a":0,"k":[11.301,11.302],"ix":2},"a":{"a":0,"k":[0,0],"ix":1},"s":{"a":0,"k":[100,100],"ix":3},"r":{"a":0,"k":0,"ix":6},"o":{"a":0,"k":100,"ix":7},"sk":{"a":0,"k":0,"ix":4},"sa":{"a":0,"k":0,"ix":5},"nm":"Transform"}],"nm":"Group 1","np":2,"cix":2,"bm":0,"ix":1,"mn":"ADBE Vector Group","hd":false}],"ip":28.0000011404634,"op":85.000003462121,"st":-22.0000008960784,"bm":0},{"ddd":0,"ind":5,"ty":4,"nm":"Layer 3 Outlines","parent":11,"sr":1,"ks":{"o":{"a":0,"k":100,"ix":11},"r":{"a":0,"k":0,"ix":10},"p":{"a":0,"k":[4.694,60.255,0],"ix":2},"a":{"a":0,"k":[11.301,38.396,0],"ix":1},"s":{"a":0,"k":[100,100,100],"ix":6}},"ao":0,"shapes":[{"ty":"gr","it":[{"ind":0,"ty":"sh","ix":1,"ks":{"a":0,"k":{"i":[[6.104,0],[0,0],[0,-6.103],[0,0],[-6.103,0],[0,0],[0,6.103],[0,0]],"o":[[0,0],[-6.103,0],[0,0],[0,6.103],[0,0],[6.104,0],[0,0],[0,-6.103]],"v":[[0.001,-38.146],[-0.001,-38.146],[-11.051,-27.094],[-11.051,27.094],[-0.001,38.146],[0.001,38.146],[11.051,27.094],[11.051,-27.094]],"c":true},"ix":2},"nm":"Path 1","mn":"ADBE Vector Shape - Group","hd":false},{"ty":"fl","c":{"a":0,"k":[0.8,0.8,0.8,1],"ix":4},"o":{"a":0,"k":100,"ix":5},"r":1,"bm":0,"nm":"Fill 1","mn":"ADBE Vector Graphic - Fill","hd":false},{"ty":"tr","p":{"a":0,"k":[11.301,38.395],"ix":2},"a":{"a":0,"k":[0,0],"ix":1},"s":{"a":0,"k":[100,100],"ix":3},"r":{"a":0,"k":0,"ix":6},"o":{"a":0,"k":100,"ix":7},"sk":{"a":0,"k":0,"ix":4},"sa":{"a":0,"k":0,"ix":5},"nm":"Transform"}],"nm":"Group 1","np":2,"cix":2,"bm":0,"ix":1,"mn":"ADBE Vector Group","hd":false}],"ip":28.0000011404634,"op":85.000003462121,"st":-22.0000008960784,"bm":0},{"ddd":0,"ind":6,"ty":4,"nm":"Layer 2 Outlines 3","parent":11,"sr":1,"ks":{"o":{"a":0,"k":100,"ix":11},"r":{"a":0,"k":0,"ix":10},"p":{"a":0,"k":[60.056,59.869,0],"ix":2},"a":{"a":0,"k":[34.484,39.883,0],"ix":1},"s":{"a":0,"k":[45,45,100],"ix":6}},"ao":0,"hasMask":true,"masksProperties":[{"inv":false,"mode":"a","pt":{"a":1,"k":[{"i":{"x":0.833,"y":0.833},"o":{"x":0.167,"y":0.167},"n":"0p833_0p833_0p167_0p167","t":36,"s":[{"i":[[13.945,0],[0,-13.945],[-0.224,-1.353],[-3.963,-3.71],[-2.846,-1.172],[-1.171,-0.296],[-2.14,0],[-2.021,0.521],[-1.081,0.449],[-2.204,2.071],[-1.035,5.282],[0,1.67]],"o":[[-13.945,0],[0,1.417],[0.927,5.594],[2.212,2.071],[1.099,0.453],[1.984,0.501],[2.184,0],[1.15,-0.297],[2.837,-1.177],[3.772,-3.545],[0.31,-1.58],[0,-13.945]],"v":[[-13.25,-43.939],[-38.5,-18.689],[-38.159,-14.53],[-30.503,-0.254],[-22.86,4.667],[-19.452,5.793],[-13.25,6.561],[-6.926,5.762],[-3.577,4.641],[4.039,-0.287],[11.528,-13.807],[12,-18.689]],"c":true}],"e":[{"i":[[13.945,0],[0,-13.945],[-0.209,-1.307],[-3.981,-3.999],[-2.862,-1.298],[-1.177,-0.33],[-2.149,0],[-2.032,0.578],[-1.087,0.493],[-2.214,2.22],[-1.007,5.318],[0,1.615]],"o":[[-13.945,0],[0,1.366],[0.899,5.627],[2.222,2.232],[1.105,0.501],[1.994,0.559],[2.194,0],[1.157,-0.329],[2.853,-1.295],[3.791,-3.8],[0.29,-1.53],[0,-13.945]],"v":[[-13.5,-43.939],[-38.75,-18.689],[-38.49,-8.551],[-30.84,6.327],[-23.157,11.699],[-19.731,12.95],[-13.5,13.811],[-7.144,12.921],[-3.775,11.684],[3.884,6.338],[11.368,-7.715],[11.75,-18.689]],"c":true}]},{"i":{"x":0.833,"y":0.833},"o":{"x":0.167,"y":0.167},"n":"0p833_0p833_0p167_0p167","t":39.763,"s":[{"i":[[13.945,0],[0,-13.945],[-0.209,-1.307],[-3.981,-3.999],[-2.862,-1.298],[-1.177,-0.33],[-2.149,0],[-2.032,0.578],[-1.087,0.493],[-2.214,2.22],[-1.007,5.318],[0,1.615]],"o":[[-13.945,0],[0,1.366],[0.899,5.627],[2.222,2.232],[1.105,0.501],[1.994,0.559],[2.194,0],[1.157,-0.329],[2.853,-1.295],[3.791,-3.8],[0.29,-1.53],[0,-13.945]],"v":[[-13.5,-43.939],[-38.75,-18.689],[-38.49,-8.551],[-30.84,6.327],[-23.157,11.699],[-19.731,12.95],[-13.5,13.811],[-7.144,12.921],[-3.775,11.684],[3.884,6.338],[11.368,-7.715],[11.75,-18.689]],"c":true}],"e":[{"i":[[13.945,0],[0,-13.945],[-0.209,-1.307],[-3.981,-3.999],[-2.862,-1.298],[-1.177,-0.33],[-2.149,0],[-2.032,0.578],[-1.087,0.493],[-2.214,2.22],[-1.007,5.318],[0,1.615]],"o":[[-13.945,0],[0,1.366],[0.899,5.627],[2.222,2.232],[1.105,0.501],[1.994,0.559],[2.194,0],[1.157,-0.329],[2.853,-1.295],[3.791,-3.8],[0.29,-1.53],[0,-13.945]],"v":[[-13.5,-44.189],[-38.75,-18.939],[-38.49,45.449],[-30.84,60.328],[-23.157,65.699],[-19.731,66.95],[-13.5,67.811],[-7.144,66.921],[-3.775,65.684],[3.884,60.338],[11.368,46.285],[11.75,-18.939]],"c":true}]},{"i":{"x":0.833,"y":0.833},"o":{"x":0.167,"y":0.167},"n":"0p833_0p833_0p167_0p167","t":46.348,"s":[{"i":[[13.945,0],[0,-13.945],[-0.209,-1.307],[-3.981,-3.999],[-2.862,-1.298],[-1.177,-0.33],[-2.149,0],[-2.032,0.578],[-1.087,0.493],[-2.214,2.22],[-1.007,5.318],[0,1.615]],"o":[[-13.945,0],[0,1.366],[0.899,5.627],[2.222,2.232],[1.105,0.501],[1.994,0.559],[2.194,0],[1.157,-0.329],[2.853,-1.295],[3.791,-3.8],[0.29,-1.53],[0,-13.945]],"v":[[-13.5,-44.189],[-38.75,-18.939],[-38.49,45.449],[-30.84,60.328],[-23.157,65.699],[-19.731,66.95],[-13.5,67.811],[-7.144,66.921],[-3.775,65.684],[3.884,60.338],[11.368,46.285],[11.75,-18.939]],"c":true}],"e":[{"i":[[13.945,0],[0,-13.945],[0,-1.324],[-59.415,0],[-4.966,6.265],[-0.972,2.953],[0,5.674],[3.869,2.548],[2.795,0.343],[5.433,0],[0,10.965],[0,1.615]],"o":[[-13.945,0],[0,1.366],[0,28.801],[14.62,0],[1.918,-2.42],[1.648,-5.005],[0,-8.263],[-2.202,-1.45],[-7.336,-0.899],[-17.361,0],[0,-13.785],[0,-13.945]],"v":[[-13.25,-44.189],[-38.5,-18.939],[-38.24,45.449],[35.915,123.833],[64.097,113.466],[68.363,105.351],[70.5,89.061],[64.047,73.575],[56.432,71.021],[35.111,72.111],[11.618,46.285],[12,-18.939]],"c":true}]},{"i":{"x":0.833,"y":0.833},"o":{"x":0.167,"y":0.167},"n":"0p833_0p833_0p167_0p167","t":50,"s":[{"i":[[13.945,0],[0,-13.945],[0,-1.324],[-59.415,0],[-4.966,6.265],[-0.972,2.953],[0,5.674],[3.869,2.548],[2.795,0.343],[5.433,0],[0,10.965],[0,1.615]],"o":[[-13.945,0],[0,1.366],[0,28.801],[14.62,0],[1.918,-2.42],[1.648,-5.005],[0,-8.263],[-2.202,-1.45],[-7.336,-0.899],[-17.361,0],[0,-13.785],[0,-13.945]],"v":[[-13.25,-44.189],[-38.5,-18.939],[-38.24,45.449],[35.915,123.833],[64.097,113.466],[68.363,105.351],[70.5,89.061],[64.047,73.575],[56.432,71.021],[35.111,72.111],[11.618,46.285],[12,-18.939]],"c":true}],"e":[{"i":[[13.945,0],[0,-13.945],[0,-1.324],[-59.415,0],[0,27.522],[1.929,4.666],[13.837,0],[3.017,-7.607],[0,-3.356],[5.813,0],[0,10.965],[0,1.615]],"o":[[-13.945,0],[0,1.366],[0,28.801],[58.585,0],[0,-3.587],[-3.27,-7.909],[-12.746,0],[-1.717,4.329],[0,27.746],[-17.361,0],[0,-13.785],[0,-13.945]],"v":[[-13.25,-44.189],[-38.5,-18.939],[-38.24,45.45],[35.915,123.833],[110.149,45.978],[107.58,32.887],[83.5,17.561],[61.268,32.352],[58.953,44.504],[35.111,72.111],[11.618,46.285],[12,-18.939]],"c":true}]},{"i":{"x":0.833,"y":0.833},"o":{"x":0.167,"y":0.167},"n":"0p833_0p833_0p167_0p167","t":52.034,"s":[{"i":[[13.945,0],[0,-13.945],[0,-1.324],[-59.415,0],[0,27.522],[1.929,4.666],[13.837,0],[3.017,-7.607],[0,-3.356],[5.813,0],[0,10.965],[0,1.615]],"o":[[-13.945,0],[0,1.366],[0,28.801],[58.585,0],[0,-3.587],[-3.27,-7.909],[-12.746,0],[-1.717,4.329],[0,27.746],[-17.361,0],[0,-13.785],[0,-13.945]],"v":[[-13.25,-44.189],[-38.5,-18.939],[-38.24,45.45],[35.915,123.833],[110.149,45.978],[107.58,32.887],[83.5,17.561],[61.268,32.352],[58.953,44.504],[35.111,72.111],[11.618,46.285],[12,-18.939]],"c":true}],"e":[{"i":[[13.945,0],[0,-13.945],[0,-1.324],[-59.415,0],[0,27.522],[0,6.129],[18,0],[0,-7.517],[0,-3.936],[5.813,0],[0,10.965],[0,1.615]],"o":[[-13.945,0],[0,1.366],[0,28.801],[58.585,0],[0,-4.259],[0,-10.292],[-17.25,0],[0,9.121],[0,27.746],[-17.361,0],[0,-13.785],[0,-13.945]],"v":[[-13.75,-44.689],[-39,-19.439],[-38.74,44.95],[35.415,123.333],[109.649,45.478],[109.606,2.292],[83,-20.689],[59.259,1.879],[58.453,44.004],[34.611,71.611],[11.118,45.785],[11.5,-19.439]],"c":true}]},{"i":{"x":0.833,"y":0.833},"o":{"x":0.167,"y":0.167},"n":"0p833_0p833_0p167_0p167","t":53.216,"s":[{"i":[[13.945,0],[0,-13.945],[0,-1.324],[-59.415,0],[0,27.522],[0,6.129],[18,0],[0,-7.517],[0,-3.936],[5.813,0],[0,10.965],[0,1.615]],"o":[[-13.945,0],[0,1.366],[0,28.801],[58.585,0],[0,-4.259],[0,-10.292],[-17.25,0],[0,9.121],[0,27.746],[-17.361,0],[0,-13.785],[0,-13.945]],"v":[[-13.75,-44.689],[-39,-19.439],[-38.74,44.95],[35.415,123.333],[109.649,45.478],[109.606,2.292],[83,-20.689],[59.259,1.879],[58.453,44.004],[34.611,71.611],[11.118,45.785],[11.5,-19.439]],"c":true}],"e":[{"i":[[13.945,0],[0,-13.945],[0,-1.324],[-59.415,0],[0,27.522],[0,6.129],[18,0],[0,-7.517],[0,-3.936],[5.813,0],[0,10.965],[0,1.615]],"o":[[-13.945,0],[0,1.366],[0,28.801],[58.585,0],[0,-4.259],[0,-10.292],[-17.25,0],[0,9.121],[0,27.746],[-17.361,0],[0,-13.785],[0,-13.945]],"v":[[-13.25,-23.689],[-38.5,1.561],[-38.24,45.45],[35.915,123.833],[110.149,45.978],[110.212,-11.458],[83.5,-35.189],[59.769,-12.371],[58.953,44.504],[35.111,72.111],[11.618,46.285],[12,1.561]],"c":true}]},{"i":{"x":0.833,"y":0.833},"o":{"x":0.167,"y":0.167},"n":"0p833_0p833_0p167_0p167","t":54.3,"s":[{"i":[[13.945,0],[0,-13.945],[0,-1.324],[-59.415,0],[0,27.522],[0,6.129],[18,0],[0,-7.517],[0,-3.936],[5.813,0],[0,10.965],[0,1.615]],"o":[[-13.945,0],[0,1.366],[0,28.801],[58.585,0],[0,-4.259],[0,-10.292],[-17.25,0],[0,9.121],[0,27.746],[-17.361,0],[0,-13.785],[0,-13.945]],"v":[[-13.25,-23.689],[-38.5,1.561],[-38.24,45.45],[35.915,123.833],[110.149,45.978],[110.212,-11.458],[83.5,-35.189],[59.769,-12.371],[58.953,44.504],[35.111,72.111],[11.618,46.285],[12,1.561]],"c":true}],"e":[{"i":[[13.945,0],[0,-13.945],[0,-1.324],[-59.415,0],[0,27.522],[0,6.129],[18,0],[0,-7.517],[0,-3.936],[5.813,0],[0,10.965],[0,1.615]],"o":[[-13.945,0],[0,1.366],[0,28.801],[58.585,0],[0,-4.259],[0,-10.292],[-17.25,0],[0,9.121],[0,27.746],[-17.361,0],[0,-13.785],[0,-13.945]],"v":[[-13.75,5.061],[-39,30.311],[-38.74,45.449],[35.415,123.833],[109.649,45.978],[109.673,-18.708],[83,-43.439],[59.287,-19.621],[58.453,44.504],[34.611,72.111],[11.118,46.285],[11.5,30.311]],"c":true}]},{"i":{"x":0.833,"y":0.833},"o":{"x":0.167,"y":0.167},"n":"0p833_0p833_0p167_0p167","t":55.434,"s":[{"i":[[13.945,0],[0,-13.945],[0,-1.324],[-59.415,0],[0,27.522],[0,6.129],[18,0],[0,-7.517],[0,-3.936],[5.813,0],[0,10.965],[0,1.615]],"o":[[-13.945,0],[0,1.366],[0,28.801],[58.585,0],[0,-4.259],[0,-10.292],[-17.25,0],[0,9.121],[0,27.746],[-17.361,0],[0,-13.785],[0,-13.945]],"v":[[-13.75,5.061],[-39,30.311],[-38.74,45.449],[35.415,123.833],[109.649,45.978],[109.673,-18.708],[83,-43.439],[59.287,-19.621],[58.453,44.504],[34.611,72.111],[11.118,46.285],[11.5,30.311]],"c":true}],"e":[{"i":[[11.5,-7.561],[-4.432,-9.73],[-11.719,-9.651],[-10.915,0],[0,27.522],[0,6.129],[18,0],[0,-7.517],[0,-3.936],[5.93,-6.269],[7.893,0.593],[2.5,3.439]],"o":[[-11.653,7.661],[2.25,4.939],[10.99,9.051],[58.585,0],[0,-4.259],[0,-10.292],[-17.25,0],[0,9.121],[0,10.996],[-4.861,5.139],[-7.118,-0.535],[-8.14,-11.199]],"v":[[-15,58.561],[-22,92.811],[-6.74,111.199],[35.415,123.833],[109.649,45.978],[109.673,-18.708],[83,-43.439],[59.287,-19.621],[58.453,44.504],[50.111,67.611],[31.618,73.035],[18.75,66.311]],"c":true}]},{"i":{"x":0.833,"y":0.833},"o":{"x":0.167,"y":0.167},"n":"0p833_0p833_0p167_0p167","t":56.434,"s":[{"i":[[11.5,-7.561],[-4.432,-9.73],[-11.719,-9.651],[-10.915,0],[0,27.522],[0,6.129],[18,0],[0,-7.517],[0,-3.936],[5.93,-6.269],[7.893,0.593],[2.5,3.439]],"o":[[-11.653,7.661],[2.25,4.939],[10.99,9.051],[58.585,0],[0,-4.259],[0,-10.292],[-17.25,0],[0,9.121],[0,10.996],[-4.861,5.139],[-7.118,-0.535],[-8.14,-11.199]],"v":[[-15,58.561],[-22,92.811],[-6.74,111.199],[35.415,123.833],[109.649,45.978],[109.673,-18.708],[83,-43.439],[59.287,-19.621],[58.453,44.504],[50.111,67.611],[31.618,73.035],[18.75,66.311]],"c":true}],"e":[{"i":[[-12.694,-5.318],[-5.25,14.189],[-1.26,10.55],[0,9.166],[0,27.522],[0,6.129],[18,0],[0,-7.517],[0,-3.936],[0,-10.861],[0,-7.035],[0.337,-4.239]],"o":[[10,4.189],[1.884,-5.091],[1.218,-10.202],[0,-8.917],[0,-4.259],[0,-10.292],[-17.25,0],[0,9.121],[0,10.996],[0,7.074],[0,7.138],[-0.75,9.439]],"v":[[70.25,92.311],[103.75,77.311],[108.26,56.2],[109.663,29.084],[109.602,-12.272],[109.674,-19.708],[83,-44.439],[59.287,-20.621],[58.406,-13.746],[58.194,18.111],[58.485,40.535],[55.5,66.561]],"c":true}]},{"i":{"x":0.833,"y":0.833},"o":{"x":0.167,"y":0.167},"n":"0p833_0p833_0p167_0p167","t":61,"s":[{"i":[[-12.694,-5.318],[-5.25,14.189],[-1.26,10.55],[0,9.166],[0,27.522],[0,6.129],[18,0],[0,-7.517],[0,-3.936],[0,-10.861],[0,-7.035],[0.337,-4.239]],"o":[[10,4.189],[1.884,-5.091],[1.218,-10.202],[0,-8.917],[0,-4.259],[0,-10.292],[-17.25,0],[0,9.121],[0,10.996],[0,7.074],[0,7.138],[-0.75,9.439]],"v":[[70.25,92.311],[103.75,77.311],[108.26,56.2],[109.663,29.084],[109.602,-12.272],[109.674,-19.708],[83,-44.439],[59.287,-20.621],[58.406,-13.746],[58.194,18.111],[58.485,40.535],[55.5,66.561]],"c":true}],"e":[{"i":[[-13.763,0],[0,13.439],[0,3.55],[0,2.416],[0,0.772],[0,6.129],[18,0],[0,-7.517],[0,-3.936],[0,-3.861],[0,-3.785],[0,-4.252]],"o":[[14.5,0],[0,-5.428],[0,-3.199],[0,-4.584],[0,-1.728],[0,-10.292],[-17.25,0],[0,2.871],[0,3.746],[0,3.639],[0,3.465],[0,11.064]],"v":[[82.5,37.311],[109,14.686],[109.038,1.949],[109.113,-6.166],[109.065,-14.772],[109.174,-19.208],[82.5,-43.939],[58.787,-20.371],[58.623,-14.121],[58.478,-4.139],[58.441,5.035],[58.375,14.436]],"c":true}]},{"i":{"x":0.833,"y":0.833},"o":{"x":0.167,"y":0.167},"n":"0p833_0p833_0p167_0p167","t":63,"s":[{"i":[[-13.763,0],[0,13.439],[0,3.55],[0,2.416],[0,0.772],[0,6.129],[18,0],[0,-7.517],[0,-3.936],[0,-3.861],[0,-3.785],[0,-4.252]],"o":[[14.5,0],[0,-5.428],[0,-3.199],[0,-4.584],[0,-1.728],[0,-10.292],[-17.25,0],[0,2.871],[0,3.746],[0,3.639],[0,3.465],[0,11.064]],"v":[[82.5,37.311],[109,14.686],[109.038,1.949],[109.113,-6.166],[109.065,-14.772],[109.174,-19.208],[82.5,-43.939],[58.787,-20.371],[58.623,-14.121],[58.478,-4.139],[58.441,5.035],[58.375,14.436]],"c":true}],"e":[{"i":[[-13.763,0],[0,13.439],[0,3.55],[0,2.416],[0,0.772],[0,6.129],[18,0],[0,-7.517],[0,-3.936],[0,-3.861],[0,-3.785],[0,-4.252]],"o":[[14.5,0],[0,-5.428],[0,-3.199],[0,-4.584],[0,-1.728],[0,-10.292],[-17.25,0],[0,2.871],[0,3.746],[0,3.639],[0,3.465],[0,11.064]],"v":[[83,12.686],[109.5,-9.564],[109.577,-16.051],[109.578,-17.416],[109.562,-19.022],[109.674,-19.708],[83,-44.439],[59.325,-23.121],[59.107,-21.371],[58.912,-16.514],[58.882,-11.715],[58.875,-8.439]],"c":true}]},{"i":{"x":0.833,"y":0.833},"o":{"x":0.167,"y":0.167},"n":"0p833_0p833_0p167_0p167","t":64,"s":[{"i":[[-13.763,0],[0,13.439],[0,3.55],[0,2.416],[0,0.772],[0,6.129],[18,0],[0,-7.517],[0,-3.936],[0,-3.861],[0,-3.785],[0,-4.252]],"o":[[14.5,0],[0,-5.428],[0,-3.199],[0,-4.584],[0,-1.728],[0,-10.292],[-17.25,0],[0,2.871],[0,3.746],[0,3.639],[0,3.465],[0,11.064]],"v":[[83,12.686],[109.5,-9.564],[109.577,-16.051],[109.578,-17.416],[109.562,-19.022],[109.674,-19.708],[83,-44.439],[59.325,-23.121],[59.107,-21.371],[58.912,-16.514],[58.882,-11.715],[58.875,-8.439]],"c":true}],"e":[{"i":[[-13.763,0],[0,14.439],[0,3.55],[0,2.416],[0,0.772],[0,6.129],[18,0],[0,-7.517],[0,-3.936],[0,-3.861],[0,-3.785],[0,-4.252]],"o":[[14.5,0],[0,-5.428],[0,-3.199],[0,-4.584],[0,-1.728],[0,-10.292],[-17.25,0],[0,2.871],[0,3.746],[0,3.639],[0,3.465],[0,11.064]],"v":[[83.001,6.561],[109.499,-16.314],[109.528,-17.676],[109.531,-18.416],[109.625,-19.648],[109.722,-20.333],[83,-43.939],[59.325,-22.621],[59.09,-22.121],[58.95,-20.139],[58.89,-18.215],[58.875,-16.064]],"c":true}]},{"i":{"x":0.833,"y":0.833},"o":{"x":0.167,"y":0.167},"n":"0p833_0p833_0p167_0p167","t":65,"s":[{"i":[[-13.763,0],[0,14.439],[0,3.55],[0,2.416],[0,0.772],[0,6.129],[18,0],[0,-7.517],[0,-3.936],[0,-3.861],[0,-3.785],[0,-4.252]],"o":[[14.5,0],[0,-5.428],[0,-3.199],[0,-4.584],[0,-1.728],[0,-10.292],[-17.25,0],[0,2.871],[0,3.746],[0,3.639],[0,3.465],[0,11.064]],"v":[[83.001,6.561],[109.499,-16.314],[109.528,-17.676],[109.531,-18.416],[109.625,-19.648],[109.722,-20.333],[83,-43.939],[59.325,-22.621],[59.09,-22.121],[58.95,-20.139],[58.89,-18.215],[58.875,-16.064]],"c":true}],"e":[{"i":[[-13.763,0],[0,13.439],[0,3.55],[0,2.416],[0,0.772],[0,6.129],[18,0],[0,-7.517],[0,-3.936],[0,-3.861],[0,-3.785],[0,-4.252]],"o":[[14.5,0],[0,-5.428],[0,-3.199],[0,-4.584],[0,-1.728],[0,-10.292],[-17.25,0],[0,2.871],[0,3.746],[0,3.639],[0,3.465],[0,11.064]],"v":[[83,12.686],[109.5,-9.564],[109.577,-16.051],[109.578,-17.416],[109.562,-19.022],[109.674,-19.708],[83,-44.439],[59.325,-23.121],[59.107,-21.371],[58.912,-16.514],[58.882,-11.715],[58.875,-8.439]],"c":true}]},{"i":{"x":0.833,"y":0.833},"o":{"x":0.167,"y":0.167},"n":"0p833_0p833_0p167_0p167","t":71.666,"s":[{"i":[[-13.763,0],[0,13.439],[0,3.55],[0,2.416],[0,0.772],[0,6.129],[18,0],[0,-7.517],[0,-3.936],[0,-3.861],[0,-3.785],[0,-4.252]],"o":[[14.5,0],[0,-5.428],[0,-3.199],[0,-4.584],[0,-1.728],[0,-10.292],[-17.25,0],[0,2.871],[0,3.746],[0,3.639],[0,3.465],[0,11.064]],"v":[[83,12.686],[109.5,-9.564],[109.577,-16.051],[109.578,-17.416],[109.562,-19.022],[109.674,-19.708],[83,-44.439],[59.325,-23.121],[59.107,-21.371],[58.912,-16.514],[58.882,-11.715],[58.875,-8.439]],"c":true}],"e":[{"i":[[-13.763,0],[0,13.439],[0,3.55],[0,2.416],[0,0.772],[0,6.129],[18,0],[0,-7.517],[0,-3.936],[0,-3.861],[0,-3.785],[0,-4.252]],"o":[[14.5,0],[0,-5.428],[0,-3.199],[0,-4.584],[0,-1.728],[0,-10.292],[-17.25,0],[0,2.871],[0,3.746],[0,3.639],[0,3.465],[0,11.064]],"v":[[82.5,37.311],[109,14.686],[109.038,1.949],[109.113,-6.166],[109.065,-14.772],[109.174,-19.208],[82.5,-43.939],[58.787,-20.371],[58.623,-14.121],[58.478,-4.139],[58.441,5.035],[58.375,14.436]],"c":true}]},{"i":{"x":0.833,"y":0.833},"o":{"x":0.167,"y":0.167},"n":"0p833_0p833_0p167_0p167","t":81,"s":[{"i":[[-13.763,0],[0,13.439],[0,3.55],[0,2.416],[0,0.772],[0,6.129],[18,0],[0,-7.517],[0,-3.936],[0,-3.861],[0,-3.785],[0,-4.252]],"o":[[14.5,0],[0,-5.428],[0,-3.199],[0,-4.584],[0,-1.728],[0,-10.292],[-17.25,0],[0,2.871],[0,3.746],[0,3.639],[0,3.465],[0,11.064]],"v":[[82.5,37.311],[109,14.686],[109.038,1.949],[109.113,-6.166],[109.065,-14.772],[109.174,-19.208],[82.5,-43.939],[58.787,-20.371],[58.623,-14.121],[58.478,-4.139],[58.441,5.035],[58.375,14.436]],"c":true}],"e":[{"i":[[-12.694,-5.318],[-5.25,14.189],[-1.26,10.55],[0,9.166],[0,27.522],[0,6.129],[18,0],[0,-7.517],[0,-3.936],[0,-10.861],[0,-7.035],[0.337,-4.239]],"o":[[10,4.189],[1.884,-5.091],[1.218,-10.202],[0,-8.917],[0,-4.259],[0,-10.292],[-17.25,0],[0,9.121],[0,10.996],[0,7.074],[0,7.138],[-0.75,9.439]],"v":[[70.25,92.311],[103.75,77.311],[108.26,56.2],[109.663,29.084],[109.602,-12.272],[109.674,-19.708],[83,-44.439],[59.287,-20.621],[58.406,-13.746],[58.194,18.111],[58.485,40.535],[55.5,66.561]],"c":true}]},{"i":{"x":0.833,"y":0.833},"o":{"x":0.167,"y":0.167},"n":"0p833_0p833_0p167_0p167","t":83,"s":[{"i":[[-12.694,-5.318],[-5.25,14.189],[-1.26,10.55],[0,9.166],[0,27.522],[0,6.129],[18,0],[0,-7.517],[0,-3.936],[0,-10.861],[0,-7.035],[0.337,-4.239]],"o":[[10,4.189],[1.884,-5.091],[1.218,-10.202],[0,-8.917],[0,-4.259],[0,-10.292],[-17.25,0],[0,9.121],[0,10.996],[0,7.074],[0,7.138],[-0.75,9.439]],"v":[[70.25,92.311],[103.75,77.311],[108.26,56.2],[109.663,29.084],[109.602,-12.272],[109.674,-19.708],[83,-44.439],[59.287,-20.621],[58.406,-13.746],[58.194,18.111],[58.485,40.535],[55.5,66.561]],"c":true}],"e":[{"i":[[-0.514,-11.142],[-7.201,2.427],[-9.495,6.497],[0,29.167],[0,27.522],[0,6.129],[18,0],[0,-7.517],[0,-3.936],[0,-10.861],[5.974,-7.174],[4.653,-0.114]],"o":[[0.32,19.414],[4.961,1.555],[27.449,-16.836],[0,-8.917],[0,-4.259],[0,-10.292],[-17.25,0],[0,9.121],[0,10.996],[0,12.496],[-4.86,5.326],[-12.569,0.719]],"v":[[23.722,96.894],[50.417,121.061],[75.204,111.477],[109.696,37.001],[109.602,-12.272],[109.674,-19.708],[83,-44.439],[59.288,-20.621],[58.406,-13.746],[58.172,31.444],[53.901,62.649],[40.222,72.255]],"c":true}]},{"i":{"x":0.833,"y":0.833},"o":{"x":0.167,"y":0.167},"n":"0p833_0p833_0p167_0p167","t":84,"s":[{"i":[[-0.514,-11.142],[-7.201,2.427],[-9.495,6.497],[0,29.167],[0,27.522],[0,6.129],[18,0],[0,-7.517],[0,-3.936],[0,-10.861],[5.974,-7.174],[4.653,-0.114]],"o":[[0.32,19.414],[4.961,1.555],[27.449,-16.836],[0,-8.917],[0,-4.259],[0,-10.292],[-17.25,0],[0,9.121],[0,10.996],[0,12.496],[-4.86,5.326],[-12.569,0.719]],"v":[[23.722,96.894],[50.417,121.061],[75.204,111.477],[109.696,37.001],[109.602,-12.272],[109.674,-19.708],[83,-44.439],[59.288,-20.621],[58.406,-13.746],[58.172,31.444],[53.901,62.649],[40.222,72.255]],"c":true}],"e":[{"i":[[7.252,-9.238],[-9.153,-9.336],[-30.329,0],[0,49.167],[0,27.522],[0,6.129],[18,0],[0,-7.517],[0,-3.936],[0,-10.861],[14.169,0],[2.662,3.315]],"o":[[-8.153,10.386],[8.039,8.2],[39.393,0],[0,-8.917],[0,-4.259],[0,-10.292],[-17.25,0],[0,9.121],[0,10.996],[0,17.919],[-12.995,0],[-8.68,-10.809]],"v":[[-18.361,61.477],[-20.139,99.255],[34.926,123.422],[109.729,44.918],[109.602,-12.272],[109.674,-19.708],[83,-44.439],[59.288,-20.621],[58.406,-13.746],[58.149,44.778],[35.429,73.096],[16.611,62.949]],"c":true}]},{"i":{"x":0.833,"y":0.833},"o":{"x":0.167,"y":0.167},"n":"0p833_0p833_0p167_0p167","t":85,"s":[{"i":[[7.252,-9.238],[-9.153,-9.336],[-30.329,0],[0,49.167],[0,27.522],[0,6.129],[18,0],[0,-7.517],[0,-3.936],[0,-10.861],[14.169,0],[2.662,3.315]],"o":[[-8.153,10.386],[8.039,8.2],[39.393,0],[0,-8.917],[0,-4.259],[0,-10.292],[-17.25,0],[0,9.121],[0,10.996],[0,17.919],[-12.995,0],[-8.68,-10.809]],"v":[[-18.361,61.477],[-20.139,99.255],[34.926,123.422],[109.729,44.918],[109.602,-12.272],[109.674,-19.708],[83,-44.439],[59.288,-20.621],[58.406,-13.746],[58.149,44.778],[35.429,73.096],[16.611,62.949]],"c":true}],"e":[{"i":[[13.945,0],[0,-13.945],[0,-1.324],[-59.415,0],[0,27.522],[0,6.129],[18,0],[0,-7.517],[0,-3.936],[5.813,0],[0,10.965],[0,1.615]],"o":[[-13.945,0],[0,1.366],[0,28.801],[58.585,0],[0,-4.259],[0,-10.292],[-17.25,0],[0,9.121],[0,27.746],[-17.361,0],[0,-13.785],[0,-13.945]],"v":[[-13.75,5.061],[-39,30.311],[-38.74,45.449],[35.415,123.833],[109.649,45.978],[109.673,-18.708],[83,-43.439],[59.287,-19.621],[58.453,44.504],[34.611,72.111],[11.118,46.285],[11.5,30.311]],"c":true}]},{"i":{"x":0.833,"y":0.833},"o":{"x":0.167,"y":0.167},"n":"0p833_0p833_0p167_0p167","t":86,"s":[{"i":[[13.945,0],[0,-13.945],[0,-1.324],[-59.415,0],[0,27.522],[0,6.129],[18,0],[0,-7.517],[0,-3.936],[5.813,0],[0,10.965],[0,1.615]],"o":[[-13.945,0],[0,1.366],[0,28.801],[58.585,0],[0,-4.259],[0,-10.292],[-17.25,0],[0,9.121],[0,27.746],[-17.361,0],[0,-13.785],[0,-13.945]],"v":[[-13.75,5.061],[-39,30.311],[-38.74,45.449],[35.415,123.833],[109.649,45.978],[109.673,-18.708],[83,-43.439],[59.287,-19.621],[58.453,44.504],[34.611,72.111],[11.118,46.285],[11.5,30.311]],"c":true}],"e":[{"i":[[13.945,0],[0,-13.945],[0,-1.324],[-59.415,0],[0,27.522],[0,6.129],[18,0],[0,-7.517],[0,-3.936],[5.813,0],[0,10.965],[0,1.615]],"o":[[-13.945,0],[0,1.366],[0,28.801],[58.585,0],[0,-4.259],[0,-10.292],[-17.25,0],[0,9.121],[0,27.746],[-17.361,0],[0,-13.785],[0,-13.945]],"v":[[-13.25,-23.689],[-38.5,1.561],[-38.24,45.45],[35.915,123.833],[110.149,45.978],[110.212,-11.458],[83.5,-35.189],[59.769,-12.371],[58.953,44.504],[35.111,72.111],[11.618,46.285],[12,1.561]],"c":true}]},{"i":{"x":0.833,"y":0.833},"o":{"x":0.167,"y":0.167},"n":"0p833_0p833_0p167_0p167","t":87,"s":[{"i":[[13.945,0],[0,-13.945],[0,-1.324],[-59.415,0],[0,27.522],[0,6.129],[18,0],[0,-7.517],[0,-3.936],[5.813,0],[0,10.965],[0,1.615]],"o":[[-13.945,0],[0,1.366],[0,28.801],[58.585,0],[0,-4.259],[0,-10.292],[-17.25,0],[0,9.121],[0,27.746],[-17.361,0],[0,-13.785],[0,-13.945]],"v":[[-13.25,-23.689],[-38.5,1.561],[-38.24,45.45],[35.915,123.833],[110.149,45.978],[110.212,-11.458],[83.5,-35.189],[59.769,-12.371],[58.953,44.504],[35.111,72.111],[11.618,46.285],[12,1.561]],"c":true}],"e":[{"i":[[13.945,0],[0,-13.945],[0,-1.324],[-59.415,0],[0,27.522],[0,6.129],[18,0],[0,-7.517],[0,-3.936],[5.813,0],[0,10.965],[0,1.615]],"o":[[-13.945,0],[0,1.366],[0,28.801],[58.585,0],[0,-4.259],[0,-10.292],[-17.25,0],[0,9.121],[0,27.746],[-17.361,0],[0,-13.785],[0,-13.945]],"v":[[-13.75,-44.689],[-39,-19.439],[-38.74,44.95],[35.415,123.333],[109.649,45.478],[109.606,2.292],[83,-20.689],[59.259,1.879],[58.453,44.004],[34.611,71.611],[11.118,45.785],[11.5,-19.439]],"c":true}]},{"i":{"x":0.833,"y":0.833},"o":{"x":0.167,"y":0.167},"n":"0p833_0p833_0p167_0p167","t":89,"s":[{"i":[[13.945,0],[0,-13.945],[0,-1.324],[-59.415,0],[0,27.522],[0,6.129],[18,0],[0,-7.517],[0,-3.936],[5.813,0],[0,10.965],[0,1.615]],"o":[[-13.945,0],[0,1.366],[0,28.801],[58.585,0],[0,-4.259],[0,-10.292],[-17.25,0],[0,9.121],[0,27.746],[-17.361,0],[0,-13.785],[0,-13.945]],"v":[[-13.75,-44.689],[-39,-19.439],[-38.74,44.95],[35.415,123.333],[109.649,45.478],[109.606,2.292],[83,-20.689],[59.259,1.879],[58.453,44.004],[34.611,71.611],[11.118,45.785],[11.5,-19.439]],"c":true}],"e":[{"i":[[13.945,0],[0,-13.945],[0,-1.324],[-59.415,0],[0,27.522],[1.929,4.666],[13.837,0],[3.017,-7.607],[0,-3.356],[5.813,0],[0,10.965],[0,1.615]],"o":[[-13.945,0],[0,1.366],[0,28.801],[58.585,0],[0,-3.587],[-3.27,-7.909],[-12.746,0],[-1.717,4.329],[0,27.746],[-17.361,0],[0,-13.785],[0,-13.945]],"v":[[-13.25,-44.189],[-38.5,-18.939],[-38.24,45.45],[35.915,123.833],[110.149,45.978],[107.58,32.887],[83.5,17.561],[61.268,32.352],[58.953,44.504],[35.111,72.111],[11.618,46.285],[12,-18.939]],"c":true}]},{"i":{"x":0.833,"y":0.833},"o":{"x":0.167,"y":0.167},"n":"0p833_0p833_0p167_0p167","t":90,"s":[{"i":[[13.945,0],[0,-13.945],[0,-1.324],[-59.415,0],[0,27.522],[1.929,4.666],[13.837,0],[3.017,-7.607],[0,-3.356],[5.813,0],[0,10.965],[0,1.615]],"o":[[-13.945,0],[0,1.366],[0,28.801],[58.585,0],[0,-3.587],[-3.27,-7.909],[-12.746,0],[-1.717,4.329],[0,27.746],[-17.361,0],[0,-13.785],[0,-13.945]],"v":[[-13.25,-44.189],[-38.5,-18.939],[-38.24,45.45],[35.915,123.833],[110.149,45.978],[107.58,32.887],[83.5,17.561],[61.268,32.352],[58.953,44.504],[35.111,72.111],[11.618,46.285],[12,-18.939]],"c":true}],"e":[{"i":[[13.945,0],[0,-13.945],[0,-1.324],[-59.415,0],[-4.966,6.265],[-0.972,2.953],[0,5.674],[3.869,2.548],[2.795,0.343],[5.433,0],[0,10.965],[0,1.615]],"o":[[-13.945,0],[0,1.366],[0,28.801],[14.62,0],[1.918,-2.42],[1.648,-5.005],[0,-8.263],[-2.202,-1.45],[-7.336,-0.899],[-17.361,0],[0,-13.785],[0,-13.945]],"v":[[-13.25,-44.189],[-38.5,-18.939],[-38.24,45.449],[35.915,123.833],[64.097,113.466],[68.363,105.351],[70.5,89.061],[64.047,73.575],[56.432,71.021],[35.111,72.111],[11.618,46.285],[12,-18.939]],"c":true}]},{"i":{"x":0.833,"y":0.833},"o":{"x":0.167,"y":0.167},"n":"0p833_0p833_0p167_0p167","t":91,"s":[{"i":[[13.945,0],[0,-13.945],[0,-1.324],[-59.415,0],[-4.966,6.265],[-0.972,2.953],[0,5.674],[3.869,2.548],[2.795,0.343],[5.433,0],[0,10.965],[0,1.615]],"o":[[-13.945,0],[0,1.366],[0,28.801],[14.62,0],[1.918,-2.42],[1.648,-5.005],[0,-8.263],[-2.202,-1.45],[-7.336,-0.899],[-17.361,0],[0,-13.785],[0,-13.945]],"v":[[-13.25,-44.189],[-38.5,-18.939],[-38.24,45.449],[35.915,123.833],[64.097,113.466],[68.363,105.351],[70.5,89.061],[64.047,73.575],[56.432,71.021],[35.111,72.111],[11.618,46.285],[12,-18.939]],"c":true}],"e":[{"i":[[13.945,0],[0,-13.945],[-0.209,-1.307],[-3.981,-3.999],[-2.862,-1.298],[-1.177,-0.33],[-2.149,0],[-2.032,0.578],[-1.087,0.493],[-2.214,2.22],[-1.007,5.318],[0,1.615]],"o":[[-13.945,0],[0,1.366],[0.899,5.627],[2.222,2.232],[1.105,0.501],[1.994,0.559],[2.194,0],[1.157,-0.329],[2.853,-1.295],[3.791,-3.8],[0.29,-1.53],[0,-13.945]],"v":[[-13.5,-44.189],[-38.75,-18.939],[-38.49,45.449],[-30.84,60.328],[-23.157,65.699],[-19.731,66.95],[-13.5,67.811],[-7.144,66.921],[-3.775,65.684],[3.884,60.338],[11.368,46.285],[11.75,-18.939]],"c":true}]},{"i":{"x":0.833,"y":0.833},"o":{"x":0.167,"y":0.167},"n":"0p833_0p833_0p167_0p167","t":92,"s":[{"i":[[13.945,0],[0,-13.945],[-0.209,-1.307],[-3.981,-3.999],[-2.862,-1.298],[-1.177,-0.33],[-2.149,0],[-2.032,0.578],[-1.087,0.493],[-2.214,2.22],[-1.007,5.318],[0,1.615]],"o":[[-13.945,0],[0,1.366],[0.899,5.627],[2.222,2.232],[1.105,0.501],[1.994,0.559],[2.194,0],[1.157,-0.329],[2.853,-1.295],[3.791,-3.8],[0.29,-1.53],[0,-13.945]],"v":[[-13.5,-44.189],[-38.75,-18.939],[-38.49,45.449],[-30.84,60.328],[-23.157,65.699],[-19.731,66.95],[-13.5,67.811],[-7.144,66.921],[-3.775,65.684],[3.884,60.338],[11.368,46.285],[11.75,-18.939]],"c":true}],"e":[{"i":[[13.945,0],[0,-13.945],[-0.209,-1.307],[-3.981,-3.999],[-2.862,-1.298],[-1.177,-0.33],[-2.149,0],[-2.032,0.578],[-1.087,0.493],[-2.214,2.22],[-1.007,5.318],[0,1.615]],"o":[[-13.945,0],[0,1.366],[0.899,5.627],[2.222,2.232],[1.105,0.501],[1.994,0.559],[2.194,0],[1.157,-0.329],[2.853,-1.295],[3.791,-3.8],[0.29,-1.53],[0,-13.945]],"v":[[-13.5,-43.939],[-38.75,-18.689],[-38.49,-8.551],[-30.84,6.327],[-23.157,11.699],[-19.731,12.95],[-13.5,13.811],[-7.144,12.921],[-3.775,11.684],[3.884,6.338],[11.368,-7.715],[11.75,-18.689]],"c":true}]},{"i":{"x":0.833,"y":0.833},"o":{"x":0.167,"y":0.167},"n":"0p833_0p833_0p167_0p167","t":93,"s":[{"i":[[13.945,0],[0,-13.945],[-0.209,-1.307],[-3.981,-3.999],[-2.862,-1.298],[-1.177,-0.33],[-2.149,0],[-2.032,0.578],[-1.087,0.493],[-2.214,2.22],[-1.007,5.318],[0,1.615]],"o":[[-13.945,0],[0,1.366],[0.899,5.627],[2.222,2.232],[1.105,0.501],[1.994,0.559],[2.194,0],[1.157,-0.329],[2.853,-1.295],[3.791,-3.8],[0.29,-1.53],[0,-13.945]],"v":[[-13.5,-43.939],[-38.75,-18.689],[-38.49,-8.551],[-30.84,6.327],[-23.157,11.699],[-19.731,12.95],[-13.5,13.811],[-7.144,12.921],[-3.775,11.684],[3.884,6.338],[11.368,-7.715],[11.75,-18.689]],"c":true}],"e":[{"i":[[13.945,0],[0,-13.945],[-0.224,-1.353],[-3.963,-3.71],[-2.846,-1.172],[-1.171,-0.296],[-2.14,0],[-2.021,0.521],[-1.081,0.449],[-2.204,2.071],[-1.035,5.282],[0,1.67]],"o":[[-13.945,0],[0,1.417],[0.927,5.594],[2.212,2.071],[1.099,0.453],[1.984,0.501],[2.184,0],[1.15,-0.297],[2.837,-1.177],[3.772,-3.545],[0.31,-1.58],[0,-13.945]],"v":[[-13.25,-43.939],[-38.5,-18.689],[-38.159,-14.53],[-30.503,-0.254],[-22.86,4.667],[-19.452,5.793],[-13.25,6.561],[-6.926,5.762],[-3.577,4.641],[4.039,-0.287],[11.528,-13.807],[12,-18.689]],"c":true}]},{"t":95.0000038694293}],"ix":1},"o":{"a":0,"k":100,"ix":3},"x":{"a":0,"k":0,"ix":4},"nm":"Mask 1"}],"shapes":[{"ty":"gr","it":[{"ind":0,"ty":"sh","ix":1,"ks":{"a":0,"k":{"i":[[3.718,-2.098],[1.195,-7.25],[0.03,-4.426],[0.266,-14.601],[8.886,-8.364],[8.452,5.563],[0.151,10.043],[0.178,17.564],[5.64,6.722],[9.201,-12.705],[0.035,-7.924],[0.048,-8.376],[-11.917,-22.372],[-29.596,3.615],[-7.348,29.068],[0.184,7.15],[0.081,12.704],[0.051,6.839],[1.274,4.549],[10.567,0.006]],"o":[[-6.393,3.608],[-0.724,4.391],[-0.099,14.605],[-0.202,11.083],[-7.391,6.957],[-9.286,-6.113],[-0.263,-17.562],[-0.083,-8.218],[-10.087,-12.021],[-4.92,6.793],[-0.037,8.378],[-0.14,24.376],[14.171,26.602],[29.842,-3.645],[1.748,-6.915],[0.537,-12.695],[-0.044,-6.836],[-0.035,-4.685],[-3.053,-10.905],[-3.979,-0.002]],"v":[[37.56,-80.515],[25.434,-63.202],[24.984,-49.709],[24.683,-5.885],[16.941,26.776],[-12.548,28.912],[-22.83,0.814],[-23.224,-51.882],[-29.085,-74.912],[-67.656,-73.536],[-72.435,-50.856],[-72.624,-25.725],[-63.166,46.204],[10.304,83.31],[71.846,28.662],[74.554,7.181],[74.263,-31.077],[74.157,-51.593],[73.115,-65.812],[49.285,-83.586]],"c":true},"ix":2},"nm":"Path 1","mn":"ADBE Vector Shape - Group","hd":false},{"ty":"gf","o":{"a":0,"k":100,"ix":10},"r":1,"bm":0,"g":{"p":3,"k":{"a":0,"k":[0,0,0.741,1,0.5,0,0.545,1,0.999,0,0.349,1],"ix":9}},"s":{"a":0,"k":[-72.674,0],"ix":5},"e":{"a":0,"k":[74.595,0],"ix":6},"t":1,"nm":"Gradient Fill 1","mn":"ADBE Vector Graphic - G-Fill","hd":false},{"ty":"tr","p":{"a":0,"k":[34.484,39.883],"ix":2},"a":{"a":0,"k":[0,0],"ix":1},"s":{"a":0,"k":[100,100],"ix":3},"r":{"a":0,"k":0,"ix":6},"o":{"a":0,"k":100,"ix":7},"sk":{"a":0,"k":0,"ix":4},"sa":{"a":0,"k":0,"ix":5},"nm":"Transform"}],"nm":"Group 1","np":2,"cix":2,"bm":0,"ix":1,"mn":"ADBE Vector Group","hd":false}],"ip":36.0000014663101,"op":55.0000022401959,"st":36.0000014663101,"bm":0},{"ddd":0,"ind":7,"ty":4,"nm":"Shape Layer 2","parent":11,"td":1,"sr":1,"ks":{"o":{"a":0,"k":100,"ix":11},"r":{"a":0,"k":0,"ix":10},"p":{"a":0,"k":[60,57.158,0],"ix":2},"a":{"a":0,"k":[0,0,0],"ix":1},"s":{"a":0,"k":[55.556,55.556,100],"ix":6}},"ao":0,"shapes":[{"ty":"gr","it":[{"ind":0,"ty":"sh","ix":1,"ks":{"a":0,"k":{"i":[[0,0],[0,-25.642],[-32.886,0],[0,21.763],[0,0]],"o":[[0,0],[0,25.642],[32.886,0],[0,-21.763],[0,0]],"v":[[-40.579,-42],[-40.579,3.931],[0.733,54],[42.045,5.117],[42.045,-42]],"c":false},"ix":2},"nm":"Path 1","mn":"ADBE Vector Shape - Group","hd":false},{"ty":"tm","s":{"a":1,"k":[{"i":{"x":[0.52],"y":[1]},"o":{"x":[0.167],"y":[0.158]},"n":["0p52_1_0p167_0p158"],"t":0,"s":[7.8],"e":[98.8]},{"i":{"x":[0.52],"y":[1]},"o":{"x":[0.167],"y":[0]},"n":["0p52_1_0p167_0"],"t":11.25,"s":[98.8],"e":[98.8]},{"i":{"x":[0.833],"y":[0.855]},"o":{"x":[0.48],"y":[0]},"n":["0p833_0p855_0p48_0"],"t":18,"s":[98.8],"e":[0]},{"t":29.1725011882203}],"ix":1},"e":{"a":1,"k":[{"i":{"x":[0.52],"y":[1]},"o":{"x":[0.167],"y":[0.159]},"n":["0p52_1_0p167_0p159"],"t":5.586,"s":[1],"e":[98.6]},{"i":{"x":[0.52],"y":[1]},"o":{"x":[0.167],"y":[0]},"n":["0p52_1_0p167_0"],"t":18,"s":[98.6],"e":[99]},{"i":{"x":[0.833],"y":[0.841]},"o":{"x":[0.48],"y":[0]},"n":["0p833_0p841_0p48_0"],"t":23.586,"s":[99],"e":[1]},{"t":36.0000014663101}],"ix":2},"o":{"a":0,"k":0,"ix":3},"m":1,"ix":2,"nm":"Trim Paths 1","mn":"ADBE Vector Filter - Trim","hd":false},{"ty":"st","c":{"a":0,"k":[0.743137254902,0.743137254902,0.743137254902,1],"ix":3},"o":{"a":0,"k":100,"ix":4},"w":{"a":0,"k":43,"ix":5},"lc":2,"lj":1,"ml":4,"ml2":{"a":0,"k":4,"ix":8},"bm":0,"nm":"Stroke 1","mn":"ADBE Vector Graphic - Stroke","hd":false},{"ty":"tr","p":{"a":0,"k":[0,0],"ix":2},"a":{"a":0,"k":[0,0],"ix":1},"s":{"a":0,"k":[96.974,100],"ix":3},"r":{"a":0,"k":0,"ix":6},"o":{"a":0,"k":100,"ix":7},"sk":{"a":0,"k":0,"ix":4},"sa":{"a":0,"k":0,"ix":5},"nm":"Transform"}],"nm":"Shape 1","np":4,"cix":2,"bm":0,"ix":1,"mn":"ADBE Vector Group","hd":false}],"ip":0,"op":85.000003462121,"st":-12.00000048877,"bm":0},{"ddd":0,"ind":8,"ty":4,"nm":"Layer 2 Outlines 2","parent":11,"tt":1,"sr":1,"ks":{"o":{"a":0,"k":100,"ix":11},"r":{"a":0,"k":0,"ix":10},"p":{"a":0,"k":[60.056,59.869,0],"ix":2},"a":{"a":0,"k":[34.484,39.883,0],"ix":1},"s":{"a":0,"k":[45,45,100],"ix":6}},"ao":0,"shapes":[{"ty":"gr","it":[{"ind":0,"ty":"sh","ix":1,"ks":{"a":0,"k":{"i":[[3.718,-2.098],[1.195,-7.25],[0.03,-4.426],[0.266,-14.601],[8.886,-8.364],[8.452,5.563],[0.151,10.043],[0.178,17.564],[5.64,6.722],[9.201,-12.705],[0.035,-7.924],[0.048,-8.376],[-11.917,-22.372],[-29.596,3.615],[-7.348,29.068],[0.184,7.15],[0.081,12.704],[0.051,6.839],[1.274,4.549],[10.567,0.006]],"o":[[-6.393,3.608],[-0.724,4.391],[-0.099,14.605],[-0.202,11.083],[-7.391,6.957],[-9.286,-6.113],[-0.263,-17.562],[-0.083,-8.218],[-10.087,-12.021],[-4.92,6.793],[-0.037,8.378],[-0.14,24.376],[14.171,26.602],[29.842,-3.645],[1.748,-6.915],[0.537,-12.695],[-0.044,-6.836],[-0.035,-4.685],[-3.053,-10.905],[-3.979,-0.002]],"v":[[37.56,-80.515],[25.434,-63.202],[24.984,-49.709],[24.683,-5.885],[16.941,26.776],[-12.548,28.912],[-22.83,0.814],[-23.224,-51.882],[-29.085,-74.912],[-67.656,-73.536],[-72.435,-50.856],[-72.624,-25.725],[-63.166,46.204],[10.304,83.31],[71.846,28.662],[74.554,7.181],[74.263,-31.077],[74.157,-51.593],[73.115,-65.812],[49.285,-83.586]],"c":true},"ix":2},"nm":"Path 1","mn":"ADBE Vector Shape - Group","hd":false},{"ty":"gf","o":{"a":0,"k":100,"ix":10},"r":1,"bm":0,"g":{"p":3,"k":{"a":0,"k":[0,0,0.741,1,0.5,0,0.545,1,0.999,0,0.349,1],"ix":9}},"s":{"a":0,"k":[-72.472,0],"ix":5},"e":{"a":0,"k":[75.155,0],"ix":6},"t":1,"nm":"Gradient Fill 1","mn":"ADBE Vector Graphic - G-Fill","hd":false},{"ty":"tr","p":{"a":0,"k":[34.484,39.883],"ix":2},"a":{"a":0,"k":[0,0],"ix":1},"s":{"a":0,"k":[100,100],"ix":3},"r":{"a":0,"k":0,"ix":6},"o":{"a":0,"k":100,"ix":7},"sk":{"a":0,"k":0,"ix":4},"sa":{"a":0,"k":0,"ix":5},"nm":"Transform"}],"nm":"Group 1","np":2,"cix":2,"bm":0,"ix":1,"mn":"ADBE Vector Group","hd":false}],"ip":0,"op":36.0000014663101,"st":-12.00000048877,"bm":0},{"ddd":0,"ind":9,"ty":4,"nm":"Layer 2 Outlines","parent":11,"sr":1,"ks":{"o":{"a":0,"k":100,"ix":11},"r":{"a":0,"k":0,"ix":10},"p":{"a":0,"k":[59.944,60.131,0],"ix":2},"a":{"a":0,"k":[34.484,39.883,0],"ix":1},"s":{"a":0,"k":[100,100,100],"ix":6}},"ao":0,"shapes":[{"ty":"gr","it":[{"ind":0,"ty":"sh","ix":1,"ks":{"a":1,"k":[{"i":{"x":0.667,"y":1},"o":{"x":0.333,"y":0},"n":"0p667_1_0p333_0","t":50,"s":[{"i":[[1.695,-0.957],[0.543,-3.306],[0.015,-2.018],[0.122,-6.657],[4.051,-3.814],[3.853,2.537],[0.068,4.579],[0.081,8.008],[2.571,3.065],[4.196,-5.792],[0.016,-3.613],[0.022,-3.819],[-5.432,-10.201],[-13.494,1.646],[-3.347,13.254],[0.084,3.26],[0.038,5.792],[0.025,3.118],[0.581,2.074],[4.818,0]],"o":[[-2.915,1.645],[-0.33,2.002],[-0.045,6.659],[-0.092,5.053],[-3.37,3.172],[-4.234,-2.787],[-0.12,-8.007],[-0.038,-3.747],[-4.599,-5.481],[-2.243,3.097],[-0.017,3.82],[-0.064,11.114],[6.461,12.129],[13.606,-1.662],[0.797,-3.153],[0.245,-5.788],[-0.02,-3.117],[-0.016,-2.136],[-1.392,-4.972],[-1.814,-0.001]],"v":[[17,-16.207],[11.471,-8.313],[11.266,-2.161],[11.251,2.087],[7.721,12.211],[-5.723,13.185],[-10.411,0.374],[-10.591,-23.652],[-13.263,-34.152],[-30.849,-33.525],[-33.029,-23.184],[-33.115,-11.726],[-28.802,21.069],[4.695,37.987],[32.755,13.071],[33.99,3.277],[33.771,0.374],[33.686,-3.02],[33.211,-9.503],[22.346,-17.607]],"c":true}],"e":[{"i":[[1.695,-0.957],[0.543,-3.306],[0.015,-2.018],[0.122,-6.657],[4.051,-3.814],[3.853,2.537],[0.068,4.579],[0.081,8.008],[2.571,3.065],[4.196,-5.792],[0.016,-3.613],[0.022,-3.819],[-5.432,-10.201],[-13.494,1.646],[-3.347,13.254],[0.084,3.26],[0.038,5.792],[0.025,3.118],[0.581,2.074],[4.818,0]],"o":[[-2.915,1.645],[-0.33,2.002],[-0.045,6.659],[-0.092,5.053],[-3.37,3.172],[-4.234,-2.787],[-0.12,-8.007],[-0.038,-3.747],[-4.599,-5.481],[-2.243,3.097],[-0.017,3.82],[-0.064,11.114],[6.461,12.129],[13.606,-1.662],[0.797,-3.153],[0.245,-5.788],[-0.02,-3.117],[-0.016,-2.136],[-1.392,-4.972],[-1.814,-0.001]],"v":[[17.122,-36.707],[11.594,-28.813],[11.389,-22.661],[11.251,-2.68],[7.721,12.211],[-5.723,13.185],[-10.411,0.374],[-10.591,-23.652],[-13.263,-34.152],[-30.849,-33.525],[-33.029,-23.184],[-33.115,-11.726],[-28.802,21.069],[4.695,37.987],[32.755,13.071],[33.99,3.277],[33.857,-14.166],[33.809,-23.52],[33.333,-30.003],[22.469,-38.107]],"c":true}]},{"i":{"x":0.667,"y":1},"o":{"x":0.333,"y":0},"n":"0p667_1_0p333_0","t":54,"s":[{"i":[[1.695,-0.957],[0.543,-3.306],[0.015,-2.018],[0.122,-6.657],[4.051,-3.814],[3.853,2.537],[0.068,4.579],[0.081,8.008],[2.571,3.065],[4.196,-5.792],[0.016,-3.613],[0.022,-3.819],[-5.432,-10.201],[-13.494,1.646],[-3.347,13.254],[0.084,3.26],[0.038,5.792],[0.025,3.118],[0.581,2.074],[4.818,0]],"o":[[-2.915,1.645],[-0.33,2.002],[-0.045,6.659],[-0.092,5.053],[-3.37,3.172],[-4.234,-2.787],[-0.12,-8.007],[-0.038,-3.747],[-4.599,-5.481],[-2.243,3.097],[-0.017,3.82],[-0.064,11.114],[6.461,12.129],[13.606,-1.662],[0.797,-3.153],[0.245,-5.788],[-0.02,-3.117],[-0.016,-2.136],[-1.392,-4.972],[-1.814,-0.001]],"v":[[17.122,-36.707],[11.594,-28.813],[11.389,-22.661],[11.251,-2.68],[7.721,12.211],[-5.723,13.185],[-10.411,0.374],[-10.591,-23.652],[-13.263,-34.152],[-30.849,-33.525],[-33.029,-23.184],[-33.115,-11.726],[-28.802,21.069],[4.695,37.987],[32.755,13.071],[33.99,3.277],[33.857,-14.166],[33.809,-23.52],[33.333,-30.003],[22.469,-38.107]],"c":true}],"e":[{"i":[[1.695,-0.957],[0.543,-3.306],[0.015,-2.018],[0.122,-6.657],[4.051,-3.814],[3.853,2.537],[0.068,4.579],[0.081,8.008],[2.571,3.065],[4.196,-5.792],[0.016,-3.613],[0.022,-3.819],[-5.432,-10.201],[-13.494,1.646],[-3.347,13.254],[0.084,3.26],[0.038,5.792],[0.025,3.118],[0.581,2.074],[4.818,0]],"o":[[-2.915,1.645],[-0.33,2.002],[-0.045,6.659],[-0.092,5.053],[-3.37,3.172],[-4.234,-2.787],[-0.12,-8.007],[-0.038,-3.747],[-4.599,-5.481],[-2.243,3.097],[-0.017,3.82],[-0.064,11.114],[6.461,12.129],[13.606,-1.662],[0.797,-3.153],[0.245,-5.788],[-0.02,-3.117],[-0.016,-2.136],[-1.392,-4.972],[-1.814,-0.001]],"v":[[17,-16.207],[11.471,-8.313],[11.266,-2.161],[11.251,2.087],[7.721,12.211],[-5.723,13.185],[-10.411,0.374],[-10.591,-23.652],[-13.263,-34.152],[-30.849,-33.525],[-33.029,-23.184],[-33.115,-11.726],[-28.802,21.069],[4.695,37.987],[32.755,13.071],[33.99,3.277],[33.771,0.374],[33.686,-3.02],[33.211,-9.503],[22.346,-17.607]],"c":true}]},{"i":{"x":1,"y":1},"o":{"x":1,"y":0},"n":"1_1_1_0","t":57,"s":[{"i":[[1.695,-0.957],[0.543,-3.306],[0.015,-2.018],[0.122,-6.657],[4.051,-3.814],[3.853,2.537],[0.068,4.579],[0.081,8.008],[2.571,3.065],[4.196,-5.792],[0.016,-3.613],[0.022,-3.819],[-5.432,-10.201],[-13.494,1.646],[-3.347,13.254],[0.084,3.26],[0.038,5.792],[0.025,3.118],[0.581,2.074],[4.818,0]],"o":[[-2.915,1.645],[-0.33,2.002],[-0.045,6.659],[-0.092,5.053],[-3.37,3.172],[-4.234,-2.787],[-0.12,-8.007],[-0.038,-3.747],[-4.599,-5.481],[-2.243,3.097],[-0.017,3.82],[-0.064,11.114],[6.461,12.129],[13.606,-1.662],[0.797,-3.153],[0.245,-5.788],[-0.02,-3.117],[-0.016,-2.136],[-1.392,-4.972],[-1.814,-0.001]],"v":[[17,-16.207],[11.471,-8.313],[11.266,-2.161],[11.251,2.087],[7.721,12.211],[-5.723,13.185],[-10.411,0.374],[-10.591,-23.652],[-13.263,-34.152],[-30.849,-33.525],[-33.029,-23.184],[-33.115,-11.726],[-28.802,21.069],[4.695,37.987],[32.755,13.071],[33.99,3.277],[33.771,0.374],[33.686,-3.02],[33.211,-9.503],[22.346,-17.607]],"c":true}],"e":[{"i":[[1.695,-0.957],[0.543,-3.306],[0.015,-2.018],[0.122,-6.657],[4.051,-3.814],[3.853,2.537],[0.068,4.579],[0.081,8.008],[2.571,3.065],[4.196,-5.792],[0.016,-3.613],[0.022,-3.819],[-5.432,-10.201],[-13.494,1.646],[-3.347,13.254],[0.084,3.26],[0.038,5.792],[0.025,3.118],[0.581,2.074],[4.818,0]],"o":[[-2.915,1.645],[-0.33,2.002],[-0.045,6.659],[-0.092,5.053],[-3.37,3.172],[-4.234,-2.787],[-0.12,-8.007],[-0.038,-3.747],[-4.599,-5.481],[-2.243,3.097],[-0.017,3.82],[-0.064,11.114],[6.461,12.129],[13.606,-1.662],[0.797,-3.153],[0.245,-5.788],[-0.02,-3.117],[-0.016,-2.136],[-1.392,-4.972],[-1.814,-0.001]],"v":[[17.122,-36.707],[11.594,-28.813],[11.389,-22.661],[11.251,-2.68],[7.721,12.211],[-5.723,13.185],[-10.411,0.374],[-10.591,-23.652],[-13.263,-34.152],[-30.849,-33.525],[-33.029,-23.184],[-33.115,-11.726],[-28.802,21.069],[4.695,37.987],[32.755,13.071],[33.99,3.277],[33.857,-14.166],[33.809,-23.52],[33.333,-30.003],[22.469,-38.107]],"c":true}]},{"t":68.0000027696968}],"ix":2},"nm":"Path 1","mn":"ADBE Vector Shape - Group","hd":false},{"ty":"gf","o":{"a":0,"k":100,"ix":10},"r":1,"bm":0,"g":{"p":3,"k":{"a":0,"k":[0,0,0.741,1,0.5,0,0.545,1,0.999,0,0.349,1],"ix":9}},"s":{"a":0,"k":[-32.706,0],"ix":5},"e":{"a":0,"k":[33.772,0],"ix":6},"t":1,"nm":"Gradient Fill 1","mn":"ADBE Vector Graphic - G-Fill","hd":false},{"ty":"fl","c":{"a":0,"k":[0.5,0.5,0.5,1],"ix":4},"o":{"a":0,"k":100,"ix":5},"r":1,"bm":0,"nm":"Fill 1","mn":"ADBE Vector Graphic - Fill","hd":false},{"ty":"tr","p":{"a":0,"k":[34.484,39.883],"ix":2},"a":{"a":0,"k":[0,0],"ix":1},"s":{"a":0,"k":[100,100],"ix":3},"r":{"a":0,"k":0,"ix":6},"o":{"a":0,"k":100,"ix":7},"sk":{"a":0,"k":0,"ix":4},"sa":{"a":0,"k":0,"ix":5},"nm":"Transform"}],"nm":"Group 1","np":3,"cix":2,"bm":0,"ix":1,"mn":"ADBE Vector Group","hd":false}],"ip":50.0000020365418,"op":85.000003462121,"st":-28.0000011404634,"bm":0},{"ddd":0,"ind":10,"ty":4,"nm":"Shape Layer 1","parent":9,"sr":1,"ks":{"o":{"a":0,"k":100,"ix":11},"r":{"a":0,"k":0,"ix":10},"p":{"a":1,"k":[{"i":{"x":0.183,"y":1},"o":{"x":0.333,"y":0},"n":"0p183_1_0p333_0","t":52.776,"s":[57.022,25.038,0],"e":[57.022,-40.613,0],"to":[0,-10.9418659210205,0],"ti":[0,1.90019941329956,0]},{"i":{"x":0.667,"y":1},"o":{"x":0.757,"y":0},"n":"0p667_1_0p757_0","t":60,"s":[57.022,-40.613,0],"e":[57.022,13.637,0],"to":[0,-1.90019941329956,0],"ti":[0,-9.04166698455811,0]},{"t":71.567502915004}],"ix":2},"a":{"a":0,"k":[125.5,-21,0],"ix":1},"s":{"a":0,"k":[100,100,100],"ix":6}},"ao":0,"shapes":[{"ty":"gr","it":[{"d":1,"ty":"el","s":{"a":0,"k":[22.389,22.389],"ix":2},"p":{"a":0,"k":[0,0],"ix":3},"nm":"Ellipse Path 1","mn":"ADBE Vector Shape - Ellipse","hd":false},{"ty":"fl","c":{"a":0,"k":[0,0.431372578939,1,1],"ix":4},"o":{"a":0,"k":100,"ix":5},"r":1,"bm":0,"nm":"Fill 1","mn":"ADBE Vector Graphic - Fill","hd":false},{"ty":"tr","p":{"a":0,"k":[125,-21.5],"ix":2},"a":{"a":0,"k":[0,0],"ix":1},"s":{"a":0,"k":[100,100],"ix":3},"r":{"a":0,"k":0,"ix":6},"o":{"a":0,"k":100,"ix":7},"sk":{"a":0,"k":0,"ix":4},"sa":{"a":0,"k":0,"ix":5},"nm":"Transform"}],"nm":"Ellipse 1","np":3,"cix":2,"bm":0,"ix":1,"mn":"ADBE Vector Group","hd":false}],"ip":52.0000021180034,"op":72.0000029326201,"st":-15.0000006109625,"bm":0},{"ddd":0,"ind":11,"ty":3,"nm":"NULL CONTROL","sr":1,"ks":{"o":{"a":0,"k":0,"ix":11},"r":{"a":0,"k":0,"ix":10},"p":{"s":true,"x":{"a":1,"k":[{"i":{"x":[0],"y":[1]},"o":{"x":[0.025],"y":[0]},"n":["0_1_0p025_0"],"t":27,"s":[300],"e":[403.018]},{"t":60.0000024438501}],"ix":3},"y":{"a":0,"k":305.115,"ix":4}},"a":{"a":0,"k":[60,60,0],"ix":1},"s":{"a":1,"k":[{"i":{"x":[0,0,0.51],"y":[1,1,1]},"o":{"x":[0,0,0.49],"y":[0,0,0]},"n":["0_1_0_0","0_1_0_0","0p51_1_0p49_0"],"t":27,"s":[180,180,100],"e":[100,100,100]},{"t":60.0000024438501}],"ix":6}},"ao":0,"ip":0,"op":85.000003462121,"st":-12.00000048877,"bm":0}]}],"layers":[{"ddd":0,"ind":1,"ty":4,"nm":"Shape Layer 1","sr":1,"ks":{"o":{"a":0,"k":100,"ix":11},"r":{"a":0,"k":0,"ix":10},"p":{"a":0,"k":[304.094,285.38,0],"ix":2},"a":{"a":0,"k":[0,0,0],"ix":1},"s":{"a":0,"k":[100,100,100],"ix":6}},"ao":0,"shapes":[{"ty":"gr","it":[{"d":1,"ty":"el","s":{"a":1,"k":[{"i":{"x":[0.582,0.582],"y":[1,1]},"o":{"x":[0.241,0.241],"y":[0.756,0.756]},"n":["0p582_1_0p241_0p756","0p582_1_0p241_0p756"],"t":28,"s":[158.218,158.218],"e":[515.47,515.47]},{"t":60.0000024438501}],"ix":2},"p":{"a":0,"k":[0,0],"ix":3},"nm":"Ellipse Path 1","mn":"ADBE Vector Shape - Ellipse","hd":false},{"ty":"st","c":{"a":0,"k":[0.743137254902,0.743137254902,0.743137254902,1],"ix":3},"o":{"a":0,"k":100,"ix":4},"w":{"a":1,"k":[{"i":{"x":[0.52],"y":[1]},"o":{"x":[0.48],"y":[0]},"n":["0p52_1_0p48_0"],"t":28,"s":[0],"e":[18.316]},{"i":{"x":[0.52],"y":[1]},"o":{"x":[0.48],"y":[0]},"n":["0p52_1_0p48_0"],"t":31.2,"s":[18.316],"e":[0]},{"t":60.0000024438501}],"ix":5},"lc":1,"lj":1,"ml":4,"ml2":{"a":0,"k":4,"ix":8},"bm":0,"nm":"Stroke 1","mn":"ADBE Vector Graphic - Stroke","hd":false},{"ty":"tr","p":{"a":0,"k":[-4.094,34.229],"ix":2},"a":{"a":0,"k":[0,0],"ix":1},"s":{"a":0,"k":[100,100],"ix":3},"r":{"a":0,"k":0,"ix":6},"o":{"a":0,"k":100,"ix":7},"sk":{"a":0,"k":0,"ix":4},"sa":{"a":0,"k":0,"ix":5},"nm":"Transform"}],"nm":"Ellipse 1","np":3,"cix":2,"bm":0,"ix":1,"mn":"ADBE Vector Group","hd":false}],"ip":0,"op":81.0000032991976,"st":-20.0000008146167,"bm":0},{"ddd":0,"ind":2,"ty":4,"nm":"Shape Layer 2","td":1,"sr":1,"ks":{"o":{"a":0,"k":100,"ix":11},"r":{"a":0,"k":0,"ix":10},"p":{"a":0,"k":[304.094,285.38,0],"ix":2},"a":{"a":0,"k":[0,0,0],"ix":1},"s":{"a":0,"k":[100,100,100],"ix":6}},"ao":0,"shapes":[{"ty":"gr","it":[{"d":1,"ty":"el","s":{"a":1,"k":[{"i":{"x":[0.582,0.582],"y":[1,1]},"o":{"x":[0.241,0.241],"y":[0.761,0.761]},"n":["0p582_1_0p241_0p761","0p582_1_0p241_0p761"],"t":28,"s":[158.218,158.218],"e":[513.47,513.47]},{"t":60.0000024438501}],"ix":2},"p":{"a":0,"k":[0,0],"ix":3},"nm":"Ellipse Path 1","mn":"ADBE Vector Shape - Ellipse","hd":false},{"ty":"fl","c":{"a":0,"k":[1,0,0,1],"ix":4},"o":{"a":0,"k":100,"ix":5},"r":1,"bm":0,"nm":"Fill 1","mn":"ADBE Vector Graphic - Fill","hd":false},{"ty":"st","c":{"a":0,"k":[0.743137254902,0.743137254902,0.743137254902,1],"ix":3},"o":{"a":0,"k":100,"ix":4},"w":{"a":1,"k":[{"i":{"x":[0.52],"y":[1]},"o":{"x":[0.48],"y":[0]},"n":["0p52_1_0p48_0"],"t":28,"s":[0],"e":[18.316]},{"i":{"x":[0.52],"y":[1]},"o":{"x":[0.48],"y":[0]},"n":["0p52_1_0p48_0"],"t":31.2,"s":[18.316],"e":[0]},{"t":60.0000024438501}],"ix":5},"lc":1,"lj":1,"ml":4,"ml2":{"a":0,"k":4,"ix":8},"bm":0,"nm":"Stroke 1","mn":"ADBE Vector Graphic - Stroke","hd":false},{"ty":"tr","p":{"a":0,"k":[-4.094,34.229],"ix":2},"a":{"a":0,"k":[0,0],"ix":1},"s":{"a":0,"k":[100,100],"ix":3},"r":{"a":0,"k":0,"ix":6},"o":{"a":0,"k":100,"ix":7},"sk":{"a":0,"k":0,"ix":4},"sa":{"a":0,"k":0,"ix":5},"nm":"Transform"}],"nm":"Ellipse 1","np":4,"cix":2,"bm":0,"ix":1,"mn":"ADBE Vector Group","hd":false}],"ip":28.0000011404634,"op":81.0000032991976,"st":-20.0000008146167,"bm":0},{"ddd":0,"ind":3,"ty":0,"nm":"Uvaliu 2","tt":1,"refId":"comp_0","sr":1,"ks":{"o":{"a":0,"k":100,"ix":11},"r":{"a":0,"k":0,"ix":10},"p":{"a":0,"k":[300,315,0],"ix":2},"a":{"a":0,"k":[300,300,0],"ix":1},"s":{"a":0,"k":[100,100,100],"ix":6}},"ao":0,"w":600,"h":600,"ip":28.0000011404634,"op":81.0000032991976,"st":0,"bm":0},{"ddd":0,"ind":4,"ty":0,"nm":"Uvaliu 2","refId":"comp_0","sr":1,"ks":{"o":{"a":0,"k":100,"ix":11},"r":{"a":0,"k":0,"ix":10},"p":{"a":0,"k":[300,315,0],"ix":2},"a":{"a":0,"k":[300,300,0],"ix":1},"s":{"a":0,"k":[100,100,100],"ix":6}},"ao":0,"w":600,"h":600,"ip":0,"op":28.0000011404634,"st":0,"bm":0}],"markers":[]}